2022-04-15T03:46:01.406613+00:00,0
2022-04-15T03:46:24.516460+00:00,0
2022-04-15T03:47:22.398228+00:00,0
2022-04-15T03:48:31.140900+00:00,0
2022-04-15T03:49:22.075969+00:00,0
2022-04-15T03:50:24.826921+00:00,0
2022-04-15T03:51:33.588607+00:00,0
2022-04-15T03:52:22.473533+00:00,0
2022-04-15T03:53:22.360527+00:00,0
2022-04-15T03:54:25.090255+00:00,0
2022-04-15T03:55:21.992561+00:00,0
2022-04-15T03:56:24.830180+00:00,0
2022-04-15T03:57:30.697022+00:00,0
2022-04-15T03:58:22.701534+00:00,85
2022-04-15T03:59:22.656102+00:00,87
2022-04-15T04:00:22.668184+00:00,90
2022-04-15T04:01:22.034800+00:00,92
2022-04-15T04:02:24.763865+00:00,95
2022-04-15T04:03:22.695819+00:00,98
2022-04-15T04:04:25.519899+00:00,101
2022-04-15T04:05:22.480994+00:00,103
2022-04-15T04:06:25.304812+00:00,106
2022-04-15T04:07:25.133550+00:00,111
2022-04-15T04:08:24.915487+00:00,114
2022-04-15T04:09:21.905371+00:00,117
2022-04-15T04:10:21.796047+00:00,120
2022-04-15T04:11:21.861469+00:00,125
2022-04-15T04:12:24.748685+00:00,129
2022-04-15T04:13:22.796726+00:00,133
2022-04-15T04:14:25.168757+00:00,137
2022-04-15T04:15:25.175937+00:00,139
2022-04-15T04:16:22.619574+00:00,143
2022-04-15T04:17:25.343949+00:00,148
2022-04-15T04:18:25.074855+00:00,151
2022-04-15T04:19:21.970721+00:00,155
2022-04-15T04:20:21.934265+00:00,159
2022-04-15T04:21:21.840885+00:00,163
2022-04-15T04:22:21.735875+00:00,167
2022-04-15T04:23:22.600816+00:00,172
2022-04-15T04:24:22.491985+00:00,175
2022-04-15T04:25:22.386109+00:00,180
2022-04-15T04:26:25.148914+00:00,183
2022-04-15T04:27:24.896866+00:00,189
2022-04-15T04:28:21.796762+00:00,193
2022-04-15T04:29:21.526329+00:00,197
2022-04-15T04:30:25.318387+00:00,203
2022-04-15T04:31:24.746722+00:00,207
2022-04-15T04:32:22.643111+00:00,212
2022-04-15T04:33:28.493788+00:00,216
2022-04-15T04:34:40.417761+00:00,222
2022-04-15T04:35:22.449098+00:00,225
2022-04-15T04:36:22.525096+00:00,231
2022-04-15T04:37:22.564492+00:00,235
2022-04-15T04:38:22.584798+00:00,239
2022-04-15T04:39:25.411875+00:00,244
2022-04-15T04:40:40.166095+00:00,251
2022-04-15T04:41:39.907581+00:00,254
2022-04-15T04:42:21.647902+00:00,259
2022-04-15T04:43:22.532939+00:00,262
2022-04-15T04:44:25.261611+00:00,268
2022-04-15T04:45:43.050671+00:00,270
2022-04-15T04:46:24.890613+00:00,275
2022-04-15T04:47:24.625593+00:00,278
2022-04-15T04:48:22.500208+00:00,284
2022-04-15T04:49:22.366385+00:00,287
2022-04-15T04:50:25.138888+00:00,293
2022-04-15T04:51:22.035625+00:00,296
2022-04-15T04:52:22.144742+00:00,299
2022-04-15T04:53:22.038829+00:00,305
2022-04-15T04:54:24.803423+00:00,308
2022-04-15T04:55:21.688845+00:00,312
2022-04-15T04:56:25.500443+00:00,322
2022-04-15T04:57:22.398373+00:00,324
2022-04-15T04:58:28.149331+00:00,329
2022-04-15T04:59:42.901255+00:00,337
2022-04-15T05:00:21.976485+00:00,338
2022-04-15T05:01:22.497922+00:00,343
2022-04-15T05:02:25.215320+00:00,348
2022-04-15T05:03:21.839248+00:00,351
2022-04-15T05:04:21.609980+00:00,356
2022-04-15T05:05:25.874585+00:00,360
2022-04-15T05:06:24.909225+00:00,363
2022-04-15T05:07:21.860128+00:00,368
2022-04-15T05:08:18.651733+00:00,378
2022-04-15T05:09:25.499304+00:00,380
2022-04-15T05:10:22.650353+00:00,385
2022-04-15T05:11:25.590223+00:00,390
2022-04-15T05:12:25.433270+00:00,395
2022-04-15T05:13:22.502149+00:00,395
2022-04-15T05:14:25.443055+00:00,406
2022-04-15T05:15:22.405189+00:00,407
2022-04-15T05:16:22.224191+00:00,409
2022-04-15T05:17:22.117042+00:00,418
2022-04-15T05:18:25.016247+00:00,424
2022-04-15T05:19:21.914068+00:00,424
2022-04-15T05:20:21.837414+00:00,427
2022-04-15T05:22:25.040896+00:00,436
2022-04-15T05:23:24.833691+00:00,438
2022-04-15T05:24:21.696874+00:00,442
2022-04-15T05:25:19.680119+00:00,447
2022-04-15T05:26:28.493224+00:00,454
2022-04-15T05:27:40.324384+00:00,458
2022-04-15T05:28:22.272423+00:00,461
2022-04-15T05:29:22.166242+00:00,466
2022-04-15T05:30:24.947764+00:00,472
2022-04-15T05:31:25.368228+00:00,480
2022-04-15T05:32:25.112701+00:00,482
2022-04-15T05:33:21.998743+00:00,485
2022-04-15T05:34:21.888868+00:00,492
2022-04-15T05:35:21.779394+00:00,497
2022-04-15T05:36:33.546961+00:00,502
2022-04-15T05:37:22.418933+00:00,497
2022-04-15T05:38:40.164040+00:00,505
2022-04-15T05:39:25.198086+00:00,510
2022-04-15T05:40:22.306351+00:00,512
2022-04-15T05:41:25.246169+00:00,520
2022-04-15T05:42:22.252874+00:00,524
2022-04-15T05:43:40.010689+00:00,528
2022-04-15T05:44:21.880417+00:00,531
2022-04-15T05:45:21.658747+00:00,537
2022-04-15T05:46:40.154482+00:00,537
2022-04-15T05:47:24.913458+00:00,540
2022-04-15T05:48:24.663459+00:00,543
2022-04-15T05:49:22.542412+00:00,542
2022-04-15T05:50:22.622759+00:00,550
2022-04-15T05:51:25.443946+00:00,556
2022-04-15T05:52:22.339890+00:00,555
2022-04-15T05:53:22.232518+00:00,556
2022-04-15T05:54:25.181728+00:00,563
2022-04-15T05:55:24.962176+00:00,566
2022-04-15T05:56:21.911489+00:00,573
2022-04-15T05:57:21.808342+00:00,576
2022-04-15T05:58:18.690055+00:00,585
2022-04-15T05:59:25.440860+00:00,592
2022-04-15T06:00:31.197795+00:00,595
2022-04-15T06:01:21.668845+00:00,598
2022-04-15T06:02:22.549773+00:00,605
2022-04-15T06:03:22.445053+00:00,613
2022-04-15T06:04:22.384948+00:00,612
2022-04-15T06:05:22.384262+00:00,625
2022-04-15T06:06:22.429644+00:00,622
2022-04-15T06:07:22.851545+00:00,632
2022-04-15T06:08:21.957477+00:00,634
2022-04-15T06:09:21.924472+00:00,640
2022-04-15T06:10:21.858780+00:00,614
2022-04-15T06:11:24.728402+00:00,717
2022-04-15T06:12:22.663112+00:00,696
2022-04-15T06:13:22.594177+00:00,680
2022-04-15T06:14:25.553720+00:00,681
2022-04-15T06:15:28.456279+00:00,690
2022-04-15T06:16:25.071362+00:00,696
2022-04-15T06:17:42.880960+00:00,689
2022-04-15T06:18:18.692941+00:00,699
2022-04-15T06:19:22.637388+00:00,699
2022-04-15T06:20:25.570312+00:00,700
2022-04-15T06:21:22.570863+00:00,720
2022-04-15T06:22:40.326314+00:00,721
2022-04-15T06:23:25.141848+00:00,718
2022-04-15T06:24:22.027022+00:00,709
2022-04-15T06:25:25.831240+00:00,709
2022-04-15T06:26:22.223826+00:00,687
2022-04-15T06:27:22.156089+00:00,754
2022-04-15T06:28:23.328976+00:00,726
2022-04-15T06:29:26.422373+00:00,707
2022-04-15T06:30:24.974979+00:00,711
2022-04-15T06:31:24.709517+00:00,713
2022-04-15T06:32:24.700011+00:00,732
2022-04-15T06:33:25.463036+00:00,760
2022-04-15T06:34:25.421092+00:00,768
2022-04-15T06:35:31.330421+00:00,759
2022-04-15T06:36:22.243084+00:00,813
2022-04-15T06:37:24.974157+00:00,824
2022-04-15T06:38:21.877284+00:00,848
2022-04-15T06:39:21.675300+00:00,834
2022-04-15T06:40:22.605932+00:00,880
2022-04-15T06:41:25.388573+00:00,806
2022-04-15T06:42:25.108883+00:00,784
2022-04-15T06:43:22.006448+00:00,804
2022-04-15T06:44:22.019785+00:00,912
2022-04-15T06:45:22.239951+00:00,942
2022-04-15T06:46:22.661531+00:00,1039
2022-04-15T06:47:22.808288+00:00,1115
2022-04-15T06:48:21.691589+00:00,1159
2022-04-15T06:49:22.868405+00:00,1287
2022-04-15T06:50:21.698720+00:00,1330
2022-04-15T06:51:26.188018+00:00,1343
2022-04-15T06:52:25.063849+00:00,1724
2022-04-15T06:53:21.985511+00:00,2711
2022-04-15T06:54:21.877526+00:00,2878
2022-04-15T06:55:24.639230+00:00,2927
2022-04-15T06:56:22.553729+00:00,3151
2022-04-15T06:57:22.430842+00:00,3340
2022-04-15T06:58:25.294842+00:00,3495
2022-04-15T06:59:40.075896+00:00,3528
2022-04-15T07:00:24.847441+00:00,1402
2022-04-15T07:01:25.318871+00:00,2388
2022-04-15T07:02:25.058968+00:00,3783
2022-04-15T07:03:21.973819+00:00,3884
2022-04-15T07:04:21.910848+00:00,3967
2022-04-15T07:05:21.889166+00:00,3933
2022-04-15T07:06:39.755878+00:00,4038
2022-04-15T07:07:25.581183+00:00,4188
2022-04-15T07:08:25.470610+00:00,4149
2022-04-15T07:09:25.412706+00:00,4242
2022-04-15T07:10:25.253013+00:00,4284
2022-04-15T07:11:25.038840+00:00,4348
2022-04-15T07:12:24.776624+00:00,4337
2022-04-15T07:13:24.518908+00:00,4351
2022-04-15T07:14:25.251580+00:00,4404
2022-04-15T07:15:40.046819+00:00,4529
2022-04-15T07:16:21.976305+00:00,4596
2022-04-15T07:17:21.869635+00:00,4586
2022-04-15T07:18:18.696629+00:00,4598
2022-04-15T07:19:25.463513+00:00,4613
2022-04-15T07:20:28.287777+00:00,4663
2022-04-15T07:21:25.354595+00:00,4672
2022-04-15T07:22:22.251590+00:00,4718
2022-04-15T07:23:25.132608+00:00,4803
2022-04-15T07:24:22.092562+00:00,4780
2022-04-15T07:25:22.054172+00:00,4833
2022-04-15T07:26:22.085865+00:00,4873
2022-04-15T07:27:21.984582+00:00,4880
2022-04-15T07:28:21.873491+00:00,4897
2022-04-15T07:29:24.699602+00:00,4957
2022-04-15T07:30:25.502597+00:00,5004
2022-04-15T07:31:24.909579+00:00,5042
2022-04-15T07:32:21.856557+00:00,5092
2022-04-15T07:33:21.686534+00:00,5129
2022-04-15T07:34:25.447146+00:00,5156
2022-04-15T07:35:22.439881+00:00,5250
2022-04-15T07:36:25.287634+00:00,5290
2022-04-15T07:37:25.128721+00:00,5329
2022-04-15T07:38:39.985901+00:00,3463
2022-04-15T07:39:24.918151+00:00,5515
2022-04-15T07:40:24.695998+00:00,5575
2022-04-15T07:41:25.699963+00:00,5643
2022-04-15T07:42:22.604445+00:00,5639
2022-04-15T07:43:31.381370+00:00,5663
2022-04-15T07:44:22.284854+00:00,5668
2022-04-15T07:45:25.044043+00:00,5664
2022-04-15T07:46:24.573621+00:00,5716
2022-04-15T07:47:22.506022+00:00,5763
2022-04-15T07:48:25.332931+00:00,5787
2022-04-15T07:49:25.068771+00:00,5808
2022-04-15T07:50:22.126143+00:00,5842
2022-04-15T07:51:22.225966+00:00,5868
2022-04-15T07:52:25.163203+00:00,5945
2022-04-15T07:53:25.053753+00:00,6108
2022-04-15T07:54:24.793742+00:00,6070
2022-04-15T07:55:24.753546+00:00,6039
2022-04-15T07:56:31.543894+00:00,6060
2022-04-15T07:57:22.441939+00:00,6071
2022-04-15T07:58:31.221803+00:00,6126
2022-04-15T07:59:24.995264+00:00,6149
2022-04-15T08:00:21.943808+00:00,6182
2022-04-15T08:01:22.385430+00:00,6198
2022-04-15T08:02:22.275602+00:00,6251
2022-04-15T08:03:25.044974+00:00,6313
2022-04-15T08:04:39.831985+00:00,6384
2022-04-15T08:05:21.703400+00:00,6432
2022-04-15T08:06:22.558994+00:00,6506
2022-04-15T08:07:22.489092+00:00,6481
2022-04-15T08:08:22.442695+00:00,6476
2022-04-15T08:09:22.413323+00:00,6573
2022-04-15T08:10:22.380613+00:00,6587
2022-04-15T08:11:22.256995+00:00,6632
2022-04-15T08:12:25.100593+00:00,6712
2022-04-15T08:13:22.053450+00:00,6713
2022-04-15T08:14:24.895231+00:00,1276
2022-04-15T08:15:21.900447+00:00,8476
2022-04-15T08:16:22.302039+00:00,8153
2022-04-15T08:17:25.144022+00:00,8112
2022-04-15T08:18:24.922236+00:00,8057
2022-04-15T08:19:30.672662+00:00,8126
2022-04-15T08:20:22.562884+00:00,8162
2022-04-15T08:21:25.352629+00:00,8279
2022-04-15T08:22:22.246621+00:00,8360
2022-04-15T08:23:24.984650+00:00,8424
2022-04-15T08:24:21.878623+00:00,2746
2022-04-15T08:25:24.919914+00:00,5355
2022-04-15T08:26:40.453656+00:00,8593
2022-04-15T08:27:22.530735+00:00,8688
2022-04-15T08:28:31.695784+00:00,1224
2022-04-15T08:29:40.483160+00:00,8791
2022-04-15T08:30:22.391547+00:00,8749
2022-04-15T08:31:24.810777+00:00,8770
2022-04-15T08:32:21.565871+00:00,8720
2022-04-15T08:33:22.472010+00:00,8715
2022-04-15T08:34:22.367217+00:00,8738
2022-04-15T08:35:25.132348+00:00,8786
2022-04-15T08:36:24.932275+00:00,8830
2022-04-15T08:37:24.699143+00:00,8846
2022-04-15T08:38:25.444247+00:00,8975
2022-04-15T08:39:25.325611+00:00,8938
2022-04-15T08:40:22.229893+00:00,8954
2022-04-15T08:41:22.139474+00:00,9129
2022-04-15T08:42:22.024634+00:00,9116
2022-04-15T08:43:21.880666+00:00,9109
2022-04-15T08:44:24.751832+00:00,9129
2022-04-15T08:45:22.726199+00:00,9193
2022-04-15T08:46:22.223840+00:00,9231
2022-04-15T08:47:25.068318+00:00,9301
2022-04-15T08:48:24.895557+00:00,9335
2022-04-15T08:49:21.862872+00:00,7602
2022-04-15T08:50:21.793382+00:00,9158
2022-04-15T08:51:21.557452+00:00,9482
2022-04-15T08:52:22.440712+00:00,9513
2022-04-15T08:53:31.208791+00:00,9530
2022-04-15T08:54:22.174103+00:00,9523
2022-04-15T08:55:25.115775+00:00,9591
2022-04-15T08:56:25.110561+00:00,9655
2022-04-15T08:57:25.056918+00:00,9814
2022-04-15T08:58:39.978733+00:00,9806
2022-04-15T08:59:24.899125+00:00,9758
2022-04-15T09:00:39.860574+00:00,9778
2022-04-15T09:01:21.903429+00:00,9793
2022-04-15T09:02:21.626617+00:00,9843
2022-04-15T09:03:22.542163+00:00,9905
2022-04-15T09:04:25.308208+00:00,9962
2022-04-15T09:05:25.110528+00:00,9994
2022-04-15T09:06:22.095390+00:00,10035
2022-04-15T09:07:22.009859+00:00,10058
2022-04-15T09:08:24.836669+00:00,10102
2022-04-15T09:09:21.906807+00:00,10083
2022-04-15T09:10:24.656254+00:00,10079
2022-04-15T09:11:22.626120+00:00,10101
2022-04-15T09:12:25.362386+00:00,10063
2022-04-15T09:13:25.104552+00:00,10170
2022-04-15T09:14:24.838582+00:00,10150
2022-04-15T09:15:21.693916+00:00,10140
2022-04-15T09:16:25.159045+00:00,10161
2022-04-15T09:17:25.054394+00:00,10154
2022-04-15T09:18:24.784774+00:00,10268
2022-04-15T09:19:18.692538+00:00,10287
2022-04-15T09:20:22.576058+00:00,10314
2022-04-15T09:21:28.474436+00:00,10330
2022-04-15T09:22:22.417260+00:00,10358
2022-04-15T09:23:22.315295+00:00,10385
2022-04-15T09:24:25.109217+00:00,10393
2022-04-15T09:25:22.035390+00:00,10415
2022-04-15T09:26:21.928220+00:00,10452
2022-04-15T09:27:21.657138+00:00,10428
2022-04-15T09:28:22.561220+00:00,10457
2022-04-15T09:29:22.471180+00:00,10484
2022-04-15T09:30:25.291498+00:00,10497
2022-04-15T09:31:24.772464+00:00,10507
2022-04-15T09:32:25.562139+00:00,10540
2022-04-15T09:33:22.467771+00:00,10543
2022-04-15T09:34:22.353705+00:00,10548
2022-04-15T09:35:25.130734+00:00,10593
2022-04-15T09:36:24.987609+00:00,10621
2022-04-15T09:37:21.965642+00:00,10618
2022-04-15T09:38:21.921051+00:00,10635
2022-04-15T09:39:24.864964+00:00,10652
2022-04-15T09:41:40.146233+00:00,10769
2022-04-15T09:42:24.873325+00:00,10775
2022-04-15T09:43:21.700573+00:00,10788
2022-04-15T09:44:22.588556+00:00,10826
2022-04-15T09:45:25.518960+00:00,10852
2022-04-15T09:46:25.453936+00:00,10870
2022-04-15T09:47:31.481081+00:00,10935
2022-04-15T09:48:22.383238+00:00,10983
2022-04-15T09:49:22.257070+00:00,11052
2022-04-15T09:50:25.019643+00:00,10757
2022-04-15T09:51:21.975480+00:00,11239
2022-04-15T09:52:24.804231+00:00,11323
2022-04-15T09:53:21.697908+00:00,11349
2022-04-15T09:54:22.607248+00:00,11293
2022-04-15T09:55:22.550614+00:00,11221
2022-04-15T09:56:22.498533+00:00,11267
2022-04-15T09:57:22.392964+00:00,5742
2022-04-15T09:58:22.285190+00:00,11336
2022-04-15T09:59:22.267838+00:00,11313
2022-04-15T10:00:25.225297+00:00,11294
2022-04-15T10:01:37.691373+00:00,11307
2022-04-15T10:02:22.688790+00:00,11321
2022-04-15T10:03:22.694841+00:00,11331
2022-04-15T10:04:25.754327+00:00,11353
2022-04-15T10:05:25.960093+00:00,11404
2022-04-15T10:06:25.408814+00:00,11404
2022-04-15T10:07:28.291181+00:00,11428
2022-04-15T10:08:28.095655+00:00,11450
2022-04-15T10:09:28.077665+00:00,11468
2022-04-15T10:10:42.843202+00:00,11485
2022-04-15T10:11:24.636269+00:00,11491
2022-04-15T10:12:40.401460+00:00,11503
2022-04-15T10:13:22.350724+00:00,11522
2022-04-15T10:14:22.245019+00:00,11466
2022-04-15T10:15:25.065310+00:00,11473
2022-04-15T10:16:25.532692+00:00,11474
2022-04-15T10:17:22.482473+00:00,11485
2022-04-15T10:18:22.388868+00:00,11516
2022-04-15T10:19:25.259004+00:00,11500
2022-04-15T10:20:22.266365+00:00,11528
2022-04-15T10:21:22.434471+00:00,11555
2022-04-15T10:22:22.451524+00:00,11554
2022-04-15T10:23:25.317693+00:00,11599
2022-04-15T10:24:22.239001+00:00,11641
2022-04-15T10:25:42.997420+00:00,11652
2022-04-15T10:26:21.899274+00:00,11673
2022-04-15T10:27:21.640584+00:00,11649
2022-04-15T10:28:22.537660+00:00,11687
2022-04-15T10:29:22.430045+00:00,11711
2022-04-15T10:30:22.374506+00:00,11731
2022-04-15T10:32:22.158280+00:00,11722
2022-04-15T10:33:24.888429+00:00,11729
2022-04-15T10:34:24.631882+00:00,11728
2022-04-15T10:35:40.430908+00:00,11747
2022-04-15T10:36:22.352766+00:00,11748
2022-04-15T10:37:22.246787+00:00,11783
2022-04-15T10:38:25.042175+00:00,11793
2022-04-15T10:39:22.045406+00:00,11785
2022-04-15T10:40:24.826457+00:00,11745
2022-04-15T10:41:21.611342+00:00,11822
2022-04-15T10:42:25.375363+00:00,11821
2022-04-15T10:43:22.263614+00:00,11807
2022-04-15T10:44:22.161698+00:00,11753
2022-04-15T10:45:24.984000+00:00,11848
2022-04-15T10:46:25.406056+00:00,11872
2022-04-15T10:47:25.190188+00:00,11862
2022-04-15T10:48:24.979357+00:00,11894
2022-04-15T10:49:39.734487+00:00,11916
2022-04-15T10:50:19.532977+00:00,11913
2022-04-15T10:51:22.469759+00:00,11946
2022-04-15T10:52:40.242519+00:00,11933
2022-04-15T10:53:22.154150+00:00,11932
2022-04-15T10:54:24.929326+00:00,12000
2022-04-15T10:55:24.711662+00:00,11998
2022-04-15T10:56:25.510073+00:00,11992
2022-04-15T10:57:22.429844+00:00,12007
2022-04-15T10:58:22.333267+00:00,12002
2022-04-15T10:59:25.199314+00:00,12003
2022-04-15T11:00:25.081525+00:00,12010
2022-04-15T11:01:25.619488+00:00,12017
2022-04-15T11:02:22.609544+00:00,11987
2022-04-15T11:03:25.403471+00:00,11965
2022-04-15T11:04:25.187941+00:00,11988
2022-04-15T11:05:25.237363+00:00,11969
2022-04-15T11:06:40.477603+00:00,11963
2022-04-15T11:07:22.829474+00:00,11947
2022-04-15T11:08:21.973597+00:00,11954
2022-04-15T11:09:24.815919+00:00,11967
2022-04-15T11:10:24.938342+00:00,11949
2022-04-15T11:11:25.362221+00:00,11948
2022-04-15T11:12:22.296232+00:00,11963
2022-04-15T11:13:22.185587+00:00,11883
2022-04-15T11:14:22.080821+00:00,11932
2022-04-15T11:15:24.899407+00:00,11913
2022-04-15T11:16:21.995093+00:00,11925
2022-04-15T11:17:24.753395+00:00,11967
2022-04-15T11:18:22.675464+00:00,11905
2022-04-15T11:19:22.565766+00:00,11957
2022-04-15T11:20:25.429752+00:00,11991
2022-04-15T11:21:22.406175+00:00,11939
2022-04-15T11:22:25.342365+00:00,11996
2022-04-15T11:23:25.235449+00:00,11964
2022-04-15T11:24:22.132044+00:00,11886
2022-04-15T11:25:39.911247+00:00,11889
2022-04-15T11:26:24.713595+00:00,11852
2022-04-15T11:27:40.507750+00:00,11844
2022-04-15T11:28:22.446570+00:00,11859
2022-04-15T11:29:31.209719+00:00,11966
2022-04-15T11:30:22.131186+00:00,11966
2022-04-15T11:31:25.446082+00:00,11935
2022-04-15T11:32:40.290186+00:00,11956
2022-04-15T11:33:25.055966+00:00,11961
2022-04-15T11:34:24.793657+00:00,11951
2022-04-15T11:35:27.706939+00:00,11943
2022-04-15T11:36:21.684020+00:00,11930
2022-04-15T11:37:22.590176+00:00,11973
2022-04-15T11:38:40.344200+00:00,11990
2022-04-15T11:39:25.167505+00:00,11975
2022-04-15T11:40:25.013881+00:00,11947
2022-04-15T11:41:21.981101+00:00,11947
2022-04-15T11:42:39.760509+00:00,11979
2022-04-15T11:43:24.746031+00:00,11971
2022-04-15T11:44:22.647148+00:00,11957
2022-04-15T11:45:22.612523+00:00,11908
2022-04-15T11:46:28.287412+00:00,11921
2022-04-15T11:47:25.323484+00:00,11956
2022-04-15T11:48:22.235451+00:00,11969
2022-04-15T11:49:22.189815+00:00,11966
2022-04-15T11:50:25.261359+00:00,11969
2022-04-15T11:51:25.154032+00:00,11945
2022-04-15T11:52:24.952337+00:00,11941
2022-04-15T11:53:24.768448+00:00,11925
2022-04-15T11:54:25.603602+00:00,11908
2022-04-15T11:55:25.468051+00:00,11908
2022-04-15T11:56:22.389856+00:00,11876
2022-04-15T11:57:22.394413+00:00,11865
2022-04-15T11:58:22.287025+00:00,11872
2022-04-15T11:59:25.048507+00:00,11853
2022-04-15T12:00:40.027737+00:00,11835
2022-04-15T12:01:24.830149+00:00,11821
2022-04-15T12:02:21.556664+00:00,11814
2022-04-15T12:03:43.392013+00:00,11854
2022-04-15T12:04:25.195128+00:00,11857
2022-04-15T12:05:43.028977+00:00,11865
2022-04-15T12:06:24.821349+00:00,11851
2022-04-15T12:07:24.830464+00:00,11879
2022-04-15T12:08:22.043645+00:00,11886
2022-04-15T12:09:25.195019+00:00,11876
2022-04-15T12:10:22.250097+00:00,11853
2022-04-15T12:11:25.198786+00:00,11840
2022-04-15T12:12:43.119370+00:00,11841
2022-04-15T12:13:39.895502+00:00,11851
2022-04-15T12:14:24.664720+00:00,11864
2022-04-15T12:15:19.597966+00:00,11867
2022-04-15T12:16:22.156001+00:00,11974
2022-04-15T12:17:24.980040+00:00,11997
2022-04-15T12:18:24.827135+00:00,12052
2022-04-15T12:20:25.471767+00:00,11943
2022-04-15T12:21:22.485487+00:00,12158
2022-04-15T12:22:25.427571+00:00,12433
2022-04-15T12:23:28.160849+00:00,12510
2022-04-15T12:24:27.944927+00:00,12572
2022-04-15T12:25:25.345285+00:00,12506
2022-04-15T12:26:22.263588+00:00,12582
2022-04-15T12:27:40.048516+00:00,10659
2022-04-15T12:28:24.824412+00:00,10024
2022-04-15T12:29:18.578550+00:00,7112
2022-04-15T12:30:22.513122+00:00,6061
2022-04-15T12:31:21.948860+00:00,6646
2022-04-15T12:32:21.865077+00:00,7213
2022-04-15T12:34:25.090815+00:00,12532
2022-04-15T12:35:25.023950+00:00,10568
2022-04-15T12:36:21.974602+00:00,7259
2022-04-15T12:37:21.873717+00:00,8805
2022-04-15T12:38:18.734890+00:00,9249
2022-04-15T12:39:40.505158+00:00,7956
2022-04-15T12:40:25.791532+00:00,10207
2022-04-15T12:41:21.601340+00:00,11811
2022-04-15T12:42:40.386650+00:00,10805
2022-04-15T12:43:28.273794+00:00,10369
2022-04-15T12:44:25.126715+00:00,11682
2022-04-15T12:45:22.067245+00:00,11770
2022-04-15T12:46:25.396277+00:00,9026
2022-04-15T12:47:22.363305+00:00,10412
2022-04-15T12:48:25.124531+00:00,11046
2022-04-15T12:49:25.015016+00:00,11690
2022-04-15T12:50:22.012130+00:00,11749
2022-04-15T12:51:39.882180+00:00,11725
2022-04-15T12:52:21.831266+00:00,11680
2022-04-15T12:53:21.677386+00:00,11614
2022-04-15T12:54:18.631587+00:00,11522
2022-04-15T12:55:22.664502+00:00,11380
2022-04-15T12:57:25.187194+00:00,11401
2022-04-15T12:58:24.956542+00:00,11400
2022-04-15T12:59:24.794554+00:00,11368
2022-04-15T13:00:21.590993+00:00,11351
2022-04-15T13:01:25.058638+00:00,11316
2022-04-15T13:02:24.803977+00:00,11074
2022-04-15T13:03:25.182363+00:00,10742
2022-04-15T13:04:25.071924+00:00,10779
2022-04-15T13:05:22.033822+00:00,10840
2022-04-15T13:06:21.956809+00:00,10606
2022-04-15T13:07:24.906997+00:00,10805
2022-04-15T13:08:24.733238+00:00,10808
2022-04-15T13:09:22.590780+00:00,11055
2022-04-15T13:10:19.383393+00:00,10998
2022-04-15T13:11:22.322674+00:00,10934
2022-04-15T13:12:22.349097+00:00,10932
2022-04-15T13:13:22.172059+00:00,10882
2022-04-15T13:14:22.135577+00:00,10843
2022-04-15T13:15:25.157313+00:00,10798
2022-04-15T13:16:39.742559+00:00,10744
2022-04-15T13:17:22.875774+00:00,10717
2022-04-15T13:18:24.950183+00:00,10669
2022-04-15T13:19:22.131416+00:00,10649
2022-04-15T13:20:22.156494+00:00,10607
2022-04-15T13:21:22.104540+00:00,10571
2022-04-15T13:22:24.992625+00:00,10551
2022-04-15T13:23:21.909648+00:00,10511
2022-04-15T13:24:24.728973+00:00,10487
2022-04-15T13:25:25.524988+00:00,10460
2022-04-15T13:26:40.313228+00:00,10443
2022-04-15T13:27:22.209626+00:00,10432
2022-04-15T13:28:22.029519+00:00,10415
2022-04-15T13:29:39.862731+00:00,10383
2022-04-15T13:30:21.831131+00:00,10363
2022-04-15T13:31:40.264288+00:00,10314
2022-04-15T13:32:25.155178+00:00,10300
2022-04-15T13:33:25.035773+00:00,10290
2022-04-15T13:34:21.928640+00:00,10255
2022-04-15T13:35:21.702016+00:00,10236
2022-04-15T13:36:25.461030+00:00,10220
2022-04-15T13:37:28.222106+00:00,10188
2022-04-15T13:38:42.977144+00:00,10136
2022-04-15T13:39:28.480348+00:00,10125
2022-04-15T13:40:40.413945+00:00,10094
2022-04-15T13:41:25.316803+00:00,10062
2022-04-15T13:42:25.113937+00:00,10047
2022-04-15T13:43:24.874064+00:00,10015
2022-04-15T13:44:39.949275+00:00,9975
2022-04-15T13:45:28.469243+00:00,9939
2022-04-15T13:46:40.199606+00:00,9893
2022-04-15T13:47:22.173178+00:00,9869
2022-04-15T13:48:24.973836+00:00,9848
2022-04-15T13:49:24.821966+00:00,9814
2022-04-15T13:50:24.712391+00:00,9807
2022-04-15T13:51:25.612129+00:00,9771
2022-04-15T13:52:25.504699+00:00,9738
2022-04-15T13:53:25.239064+00:00,9695
2022-04-15T13:54:25.037017+00:00,9667
2022-04-15T13:55:39.833280+00:00,9629
2022-04-15T13:56:21.820261+00:00,9600
2022-04-15T13:57:18.705518+00:00,9576
2022-04-15T13:58:40.476071+00:00,9527
2022-04-15T13:59:25.569399+00:00,9518
2022-04-15T14:00:22.453815+00:00,9513
2022-04-15T14:01:21.987105+00:00,9469
2022-04-15T14:02:21.972539+00:00,9429
2022-04-15T14:03:21.879974+00:00,9381
2022-04-15T14:04:24.756310+00:00,9334
2022-04-15T14:05:22.711056+00:00,9309
2022-04-15T14:06:22.693920+00:00,9301
2022-04-15T14:07:22.647496+00:00,9265
2022-04-15T14:08:22.559857+00:00,9245
2022-04-15T14:09:25.340876+00:00,9223
2022-04-15T14:10:25.176462+00:00,9200
2022-04-15T14:11:22.106059+00:00,9172
2022-04-15T14:12:22.007635+00:00,9120
2022-04-15T14:13:22.019846+00:00,9070
2022-04-15T14:14:24.897911+00:00,8979
2022-04-15T14:15:39.765496+00:00,8859
2022-04-15T14:16:22.674493+00:00,8890
2022-04-15T14:17:22.633765+00:00,8833
2022-04-15T14:18:34.698039+00:00,8807
2022-04-15T14:20:25.170712+00:00,8742
2022-04-15T14:21:22.235645+00:00,8707
2022-04-15T14:22:22.118848+00:00,8678
2022-04-15T14:23:22.014369+00:00,8644
2022-04-15T14:24:21.912411+00:00,8597
2022-04-15T14:25:25.170101+00:00,8560
2022-04-15T14:26:24.963897+00:00,8519
2022-04-15T14:27:24.907033+00:00,8491
2022-04-15T14:28:21.955152+00:00,8467
2022-04-15T14:29:24.959519+00:00,8436
2022-04-15T14:30:24.911842+00:00,8393
2022-04-15T14:31:25.381887+00:00,8360
2022-04-15T14:32:25.273058+00:00,8324
2022-04-15T14:33:22.253111+00:00,8278
2022-04-15T14:34:22.130333+00:00,8206
2022-04-15T14:35:24.911633+00:00,8175
2022-04-15T14:36:21.875790+00:00,8145
2022-04-15T14:37:39.722008+00:00,8093
2022-04-15T14:38:25.481044+00:00,8067
2022-04-15T14:39:25.326576+00:00,8036
2022-04-15T14:40:25.299923+00:00,7986
2022-04-15T14:41:40.358746+00:00,7954
2022-04-15T14:42:40.244066+00:00,7922
2022-04-15T14:43:22.189142+00:00,7896
2022-04-15T14:44:24.946337+00:00,7858
2022-04-15T14:45:24.773706+00:00,7821
2022-04-15T14:46:22.398665+00:00,7777
2022-04-15T14:47:25.159934+00:00,7716
2022-04-15T14:48:22.053063+00:00,7616
2022-04-15T14:49:21.946230+00:00,7620
2022-04-15T14:50:24.723776+00:00,7576
2022-04-15T14:51:25.482582+00:00,7535
2022-04-15T14:52:25.294067+00:00,7493
2022-04-15T14:53:22.241989+00:00,7450
2022-04-15T14:54:25.005368+00:00,7410
2022-04-15T14:55:24.827458+00:00,7377
2022-04-15T14:57:25.158915+00:00,7300
2022-04-15T14:58:25.047434+00:00,7251
2022-04-15T14:59:21.929302+00:00,7206
2022-04-15T15:00:39.723919+00:00,7107
2022-04-15T15:01:22.607169+00:00,7051
2022-04-15T15:02:31.354481+00:00,6990
2022-04-15T15:03:25.105592+00:00,6945
2022-04-15T15:04:22.092858+00:00,6910
2022-04-15T15:05:22.072695+00:00,6872
2022-04-15T15:06:39.952422+00:00,6813
2022-04-15T15:07:39.769515+00:00,6785
2022-04-15T15:08:22.635642+00:00,6736
2022-04-15T15:09:40.475007+00:00,6720
2022-04-15T15:10:22.514440+00:00,6661
2022-04-15T15:11:25.359619+00:00,6668
2022-04-15T15:12:43.234527+00:00,6635
2022-04-15T15:13:22.208638+00:00,6605
2022-04-15T15:14:25.145448+00:00,6569
2022-04-15T15:15:25.040821+00:00,6486
2022-04-15T15:16:25.462699+00:00,6446
2022-04-15T15:17:22.317394+00:00,6427
2022-04-15T15:18:22.208716+00:00,6378
2022-04-15T15:19:22.105327+00:00,6334
2022-04-15T15:20:21.992638+00:00,6290
2022-04-15T15:21:24.770533+00:00,6235
2022-04-15T15:22:21.692139+00:00,6195
2022-04-15T15:23:22.569227+00:00,6149
2022-04-15T15:24:22.458065+00:00,6069
2022-04-15T15:25:28.254016+00:00,6011
2022-04-15T15:26:25.322025+00:00,5960
2022-04-15T15:27:22.196794+00:00,5905
2022-04-15T15:28:22.085943+00:00,5854
2022-04-15T15:29:21.976845+00:00,5808
2022-04-15T15:30:21.944709+00:00,5753
2022-04-15T15:31:25.225379+00:00,5697
2022-04-15T15:32:22.099578+00:00,5650
2022-04-15T15:33:21.958725+00:00,5613
2022-04-15T15:34:21.850087+00:00,5566
2022-04-15T15:35:24.867611+00:00,5506
2022-04-15T15:36:24.851535+00:00,5397
2022-04-15T15:37:21.910758+00:00,5172
2022-04-15T15:38:39.882773+00:00,4849
2022-04-15T15:39:22.045326+00:00,4870
2022-04-15T15:40:25.021748+00:00,4750
2022-04-15T15:41:21.966734+00:00,4442
2022-04-15T15:42:21.912046+00:00,4263
2022-04-15T15:43:22.150054+00:00,4118
2022-04-15T15:44:24.971427+00:00,4061
2022-04-15T15:45:22.054917+00:00,3928
2022-04-15T15:46:22.690764+00:00,3769
2022-04-15T15:47:25.488998+00:00,3575
2022-04-15T15:48:25.226874+00:00,3462
2022-04-15T15:49:24.970367+00:00,3245
2022-04-15T15:50:21.932263+00:00,3084
2022-04-15T15:51:21.673654+00:00,3006
2022-04-15T15:52:25.428114+00:00,2771
2022-04-15T15:53:25.157223+00:00,2638
2022-04-15T15:54:22.054349+00:00,2573
2022-04-15T15:55:21.948834+00:00,2404
2022-04-15T15:56:21.832837+00:00,2090
2022-04-15T15:57:21.713915+00:00,2028
2022-04-15T15:58:22.598225+00:00,1864
2022-04-15T15:59:25.357491+00:00,1703
2022-04-15T16:00:22.273430+00:00,1802
2022-04-15T16:01:24.795891+00:00,1817
2022-04-15T16:03:25.108222+00:00,1695
2022-04-15T16:04:25.159662+00:00,1624
2022-04-15T16:05:25.248001+00:00,1507
2022-04-15T16:06:25.209813+00:00,1387
2022-04-15T16:07:25.032173+00:00,1288
2022-04-15T16:08:22.005977+00:00,1171
2022-04-15T16:09:21.949190+00:00,1098
2022-04-15T16:10:22.107397+00:00,1034
2022-04-15T16:11:24.896651+00:00,1008
2022-04-15T16:12:22.232705+00:00,967
2022-04-15T16:13:22.125842+00:00,906
2022-04-15T16:14:24.885017+00:00,848
2022-04-15T16:15:18.646284+00:00,843
2022-04-15T16:16:25.200313+00:00,805
2022-04-15T16:17:24.940044+00:00,741
2022-04-15T16:18:24.680499+00:00,721
2022-04-15T16:19:22.577802+00:00,760
2022-04-15T16:20:25.362969+00:00,787
2022-04-15T16:21:25.128975+00:00,762
2022-04-15T16:22:22.026294+00:00,742
2022-04-15T16:23:39.892275+00:00,717
2022-04-15T16:24:24.661219+00:00,700
2022-04-15T16:25:25.406951+00:00,671
2022-04-15T16:26:22.327615+00:00,660
2022-04-15T16:27:22.220796+00:00,658
2022-04-15T16:28:24.979092+00:00,648
2022-04-15T16:29:25.186910+00:00,626
2022-04-15T16:30:24.980415+00:00,619
2022-04-15T16:31:25.405273+00:00,614
2022-04-15T16:32:25.144449+00:00,606
2022-04-15T16:33:22.037469+00:00,608
2022-04-15T16:34:24.866649+00:00,608
2022-04-15T16:35:24.727427+00:00,595
2022-04-15T16:36:19.585848+00:00,584
2022-04-15T16:37:22.559209+00:00,578
2022-04-15T16:38:22.723220+00:00,570
2022-04-15T16:39:21.804381+00:00,571
2022-04-15T16:40:18.711542+00:00,575
2022-04-15T16:41:22.547771+00:00,566
2022-04-15T16:42:25.431599+00:00,562
2022-04-15T16:43:31.323887+00:00,556
2022-04-15T16:44:22.193793+00:00,560
2022-04-15T16:45:39.992382+00:00,559
2022-04-15T16:46:21.976173+00:00,557
2022-04-15T16:47:21.962357+00:00,559
2022-04-15T16:48:22.031787+00:00,552
2022-04-15T16:49:24.919657+00:00,542
2022-04-15T16:50:22.064736+00:00,522
2022-04-15T16:51:22.075631+00:00,518
2022-04-15T16:52:22.051834+00:00,507
2022-04-15T16:53:21.973695+00:00,503
2022-04-15T16:54:24.701899+00:00,501
2022-04-15T16:55:22.649393+00:00,495
2022-04-15T16:56:25.432339+00:00,494
2022-04-15T16:57:25.168528+00:00,490
2022-04-15T16:58:22.089486+00:00,475
2022-04-15T16:59:21.925409+00:00,475
2022-04-15T17:00:21.872788+00:00,463
2022-04-15T17:01:25.223074+00:00,459
2022-04-15T17:02:24.988826+00:00,449
2022-04-15T17:03:24.789922+00:00,442
2022-04-15T17:04:27.696110+00:00,433
2022-04-15T17:05:25.481562+00:00,425
2022-04-15T17:06:28.451293+00:00,417
2022-04-15T17:07:31.300652+00:00,409
2022-04-15T17:08:25.208603+00:00,407
2022-04-15T17:09:25.152528+00:00,402
2022-04-15T17:10:25.044816+00:00,397
2022-04-15T17:11:24.840763+00:00,394
2022-04-15T17:12:33.590758+00:00,388
2022-04-15T17:13:40.330009+00:00,384
2022-04-15T17:14:22.210031+00:00,381
2022-04-15T17:15:22.150336+00:00,378
2022-04-15T17:16:22.627615+00:00,375
2022-04-15T17:17:25.357222+00:00,370
2022-04-15T17:18:25.200304+00:00,367
2022-04-15T17:19:22.111564+00:00,363
2022-04-15T17:20:22.037948+00:00,360
2022-04-15T17:21:21.936912+00:00,356
2022-04-15T17:22:24.769847+00:00,351
2022-04-15T17:23:22.687257+00:00,347
2022-04-15T17:24:25.505412+00:00,342
2022-04-15T17:25:25.403415+00:00,340
2022-04-15T17:26:25.248544+00:00,336
2022-04-15T17:27:22.198251+00:00,332
2022-04-15T17:28:24.921363+00:00,328
2022-04-15T17:29:30.696653+00:00,323
2022-04-15T17:30:25.502784+00:00,321
2022-04-15T17:31:24.978861+00:00,317
2022-04-15T17:32:24.763663+00:00,313
2022-04-15T17:33:25.514013+00:00,308
2022-04-15T17:34:40.256086+00:00,301
2022-04-15T17:35:40.045168+00:00,300
2022-04-15T17:36:24.827088+00:00,298
2022-04-15T17:37:24.715023+00:00,292
2022-04-15T17:38:40.468288+00:00,288
2022-04-15T17:39:22.400299+00:00,285
2022-04-15T17:40:31.202757+00:00,279
2022-04-15T17:41:24.970403+00:00,277
2022-04-15T17:42:21.868921+00:00,273
2022-04-15T17:43:21.623496+00:00,268
2022-04-15T17:44:22.503619+00:00,263
2022-04-15T17:45:46.309277+00:00,257
2022-04-15T17:46:28.086809+00:00,252
2022-04-15T17:47:25.450958+00:00,249
2022-04-15T17:48:28.244120+00:00,245
2022-04-15T17:49:27.979408+00:00,240
2022-04-15T17:50:25.375347+00:00,237
2022-04-15T17:51:28.139199+00:00,232
2022-04-15T17:52:42.899208+00:00,226
2022-04-15T17:53:22.038371+00:00,222
2022-04-15T17:54:24.793349+00:00,217
2022-04-15T17:55:21.555932+00:00,211
2022-04-15T17:56:25.333600+00:00,206
2022-04-15T17:57:25.072675+00:00,204
2022-04-15T17:58:24.868988+00:00,200
2022-04-15T17:59:24.797242+00:00,195
2022-04-15T18:00:18.640019+00:00,190
2022-04-15T18:01:22.269871+00:00,185
2022-04-15T18:02:25.109183+00:00,179
2022-04-15T18:03:22.053449+00:00,175
2022-04-15T18:04:22.109805+00:00,170
2022-04-15T18:05:22.218545+00:00,166
2022-04-15T18:06:22.240014+00:00,160
2022-04-15T18:07:24.994713+00:00,157
2022-04-15T18:08:21.952533+00:00,152
2022-04-15T18:09:24.785184+00:00,149
2022-04-15T18:10:21.738118+00:00,146
2022-04-15T18:11:25.474745+00:00,141
2022-04-15T18:12:25.257290+00:00,139
2022-04-15T18:13:24.997237+00:00,131
2022-04-15T18:14:24.780463+00:00,130
2022-04-15T18:15:21.826947+00:00,126
2022-04-15T18:16:25.255801+00:00,120
2022-04-15T18:17:25.143901+00:00,118
2022-04-15T18:18:25.038143+00:00,115
2022-04-15T18:19:22.094437+00:00,113
2022-04-15T18:20:22.143540+00:00,109
2022-04-15T18:21:24.940401+00:00,104
2022-04-15T18:22:22.047419+00:00,102
2022-04-15T18:23:21.943457+00:00,100
2022-04-15T18:24:25.195014+00:00,97
2022-04-15T18:25:24.979126+00:00,94
2022-04-15T18:26:21.893768+00:00,91
2022-04-15T18:27:18.641899+00:00,87
2022-04-15T18:28:40.481659+00:00,85
2022-04-15T18:29:25.228237+00:00,83
2022-04-15T18:30:25.126640+00:00,81
2022-04-15T18:31:25.458310+00:00,78
2022-04-15T18:32:25.292448+00:00,76
2022-04-15T18:33:25.085455+00:00,73
2022-04-15T18:34:22.033263+00:00,73
2022-04-15T18:35:22.123590+00:00,72
2022-04-15T18:36:22.142220+00:00,71
2022-04-15T18:37:22.111350+00:00,69
2022-04-15T18:38:22.020420+00:00,67
2022-04-15T18:39:21.913132+00:00,67
2022-04-15T18:40:21.914352+00:00,66
2022-04-15T18:41:24.762351+00:00,65
2022-04-15T18:42:22.631003+00:00,63
2022-04-15T18:43:25.631142+00:00,62
2022-04-15T18:44:40.449165+00:00,60
2022-04-15T18:45:25.441375+00:00,59
2022-04-15T18:46:25.178289+00:00,58
2022-04-15T18:47:22.096368+00:00,58
2022-04-15T18:48:24.845263+00:00,56
2022-04-15T18:49:18.592417+00:00,55
2022-04-15T18:50:22.487240+00:00,56
2022-04-15T18:51:25.277639+00:00,55
2022-04-15T18:52:25.065471+00:00,54
2022-04-15T18:53:21.844414+00:00,56
2022-04-15T18:54:25.076466+00:00,55
2022-04-15T18:55:24.897003+00:00,54
2022-04-15T18:56:24.749487+00:00,55
2022-04-15T18:57:22.647442+00:00,55
2022-04-15T18:58:25.440581+00:00,55
2022-04-15T18:59:22.336771+00:00,55
2022-04-15T19:00:25.164106+00:00,55
2022-04-15T19:01:25.052397+00:00,55
2022-04-15T19:02:30.810692+00:00,55
2022-04-15T19:03:21.697673+00:00,55
2022-04-15T19:04:25.480291+00:00,55
2022-04-15T19:05:43.459021+00:00,55
2022-04-15T19:06:22.714120+00:00,55
2022-04-15T19:07:16.728043+00:00,55
2022-04-15T19:08:25.583028+00:00,54
2022-04-15T19:09:25.365387+00:00,54
2022-04-15T19:10:25.215116+00:00,54
2022-04-15T19:11:22.106706+00:00,54
2022-04-15T19:12:22.009718+00:00,55
2022-04-15T19:13:24.766296+00:00,54
2022-04-15T19:14:25.515415+00:00,54
2022-04-15T19:15:25.297494+00:00,54
2022-04-15T19:16:40.215425+00:00,54
